QUESTION,ANSWER
Need a calmer evening?,May support an evening wellness ritual.
Want a calmer evening routine?,May support a simple calm evening ritual.
Hard to wind down at night?,May support relaxation as part of a daily ritual.
Want a softer wind-down?,May support a simple calm routine.
Mind still busy at night?,May support daily relaxation and balance.
Evening mind feels switched on?,May support a calmer evening wellness habit.
Want a gentle nighttime ritual?,May support a gentle evening self-care habit.
Need a gentler bedtime routine?,May support a softer evening wellness ritual.
Want daily relaxation support?,May support daily relaxation and evening balance.
Need a relaxation ritual daily?,Designed to support a calm daily ritual.
Want an evening ritual?,May support a calm evening self-care routine.
Evening self-care feel rushed?,May support a consistent evening wellness ritual.
Want a simple calm routine?,May support daily balance and overall wellness.
Need one simple evening ritual?,Designed to support a calm daily routine.
Want a peaceful evening habit?,May support a calm end-of-day wellness ritual.
Hard to settle at day's end?,May support a calmer end to each day.
Need gentle relaxation support?,May support relaxation as part of your routine.
Want gentle evening wellness?,May support gentle relaxation and daily balance.
Evening feel too overstimulated?,"May support a calmer, simpler evening routine."
Evenings hard to switch off?,May support a calmer daily self-care rhythm.
