PRODUCT,BRAND,CONTEXT_LABEL,QUESTION,ANSWER_PRODUCT,ANSWER,CTA_MAIN,CTA_SUB,DISCLAIMER
Inner Bloom,Vital Vision Shop,YOU ASKED,Why do I feel heavy after meals?,Inner Bloom,Your body may need a simpler daily wellness rhythm. Inner Bloom is designed to support daily digestive wellness and gut balance as part of a consistent self-care routine.,COMMENT BLOOM,for the daily ritual,"Educational only. Not medical advice. Results may vary. These statements have not been evaluated by the Food and Drug Administration. This product is not intended to diagnose, treat, cure, or prevent any disease."
Inner Bloom,Vital Vision Shop,YOU ASKED,Why does my stomach feel different every day?,Inner Bloom,Digestive wellness may benefit from more daily consistency. Inner Bloom is designed to support gut balance and digestive comfort as part of a simple daily self-care ritual.,COMMENT BLOOM,for the daily ritual,"Educational only. Not medical advice. Results may vary. These statements have not been evaluated by the Food and Drug Administration. This product is not intended to diagnose, treat, cure, or prevent any disease."
Inner Bloom,Vital Vision Shop,YOU ASKED,Why do I feel uncomfortable after eating healthy?,Inner Bloom,Digestive comfort may be about finding the right daily rhythm. Inner Bloom is designed to support everyday digestive wellness as part of a consistent self-care routine.,COMMENT BLOOM,for the daily ritual,"Educational only. Not medical advice. Results may vary. These statements have not been evaluated by the Food and Drug Administration. This product is not intended to diagnose, treat, cure, or prevent any disease."
Inner Bloom,Vital Vision Shop,YOU ASKED,Why does my afternoon feel harder than my morning?,Inner Bloom,A consistent daily wellness ritual may support more comfortable digestion throughout the day. Inner Bloom is designed to support digestive wellness and gut balance as part of your routine.,COMMENT BLOOM,for the daily ritual,"Educational only. Not medical advice. Results may vary. These statements have not been evaluated by the Food and Drug Administration. This product is not intended to diagnose, treat, cure, or prevent any disease."
Inner Bloom,Vital Vision Shop,YOU ASKED,Why is it so hard to feel consistent around meals?,Inner Bloom,Consistency in your self-care routine may support overall digestive wellness. Inner Bloom is designed to support gut balance and daily digestive comfort as part of a simple routine.,COMMENT BLOOM,for the daily ritual,"Educational only. Not medical advice. Results may vary. These statements have not been evaluated by the Food and Drug Administration. This product is not intended to diagnose, treat, cure, or prevent any disease."
Inner Calm,Vital Vision Shop,YOU ASKED,Why does my body still feel busy at night?,Inner Calm,Your evening routine may benefit from a simple calming ritual. Inner Calm is designed to support a calm evening rhythm and relaxation as part of a consistent self-care routine.,COMMENT CALM,for the evening ritual,"Educational only. Not medical advice. Results may vary. These statements have not been evaluated by the Food and Drug Administration. This product is not intended to diagnose, treat, cure, or prevent any disease."
Inner Calm,Vital Vision Shop,YOU ASKED,Why is winding down at night so hard for me?,Inner Calm,Building a consistent evening ritual may support a calmer daily rhythm. Inner Calm is designed to support relaxation and daily balance as part of a simple evening self-care routine.,COMMENT CALM,for the evening ritual,"Educational only. Not medical advice. Results may vary. These statements have not been evaluated by the Food and Drug Administration. This product is not intended to diagnose, treat, cure, or prevent any disease."
Inner Calm,Vital Vision Shop,YOU ASKED,Why do I scroll at night instead of resting?,Inner Calm,A structured evening self-care ritual may support a calmer transition into rest. Inner Calm is designed to support relaxation as part of a consistent evening wellness routine.,COMMENT CALM,for the evening ritual,"Educational only. Not medical advice. Results may vary. These statements have not been evaluated by the Food and Drug Administration. This product is not intended to diagnose, treat, cure, or prevent any disease."
Inner Calm,Vital Vision Shop,YOU ASKED,Why does self-care always feel like the last thing I do?,Inner Calm,Making self-care simple and consistent may support overall daily balance. Inner Calm is designed to support a calm evening ritual that fits easily into your routine.,COMMENT CALM,for the evening ritual,"Educational only. Not medical advice. Results may vary. These statements have not been evaluated by the Food and Drug Administration. This product is not intended to diagnose, treat, cure, or prevent any disease."
Inner Calm,Vital Vision Shop,YOU ASKED,Why is it hard to build a routine I can repeat at night?,Inner Calm,Consistency in your evening ritual may support a calmer overall daily rhythm. Inner Calm is designed to support relaxation and overall wellness as part of a simple evening routine.,COMMENT CALM,for the evening ritual,"Educational only. Not medical advice. Results may vary. These statements have not been evaluated by the Food and Drug Administration. This product is not intended to diagnose, treat, cure, or prevent any disease."
Inner Grow,Vital Vision Shop,YOU ASKED,Why does my beauty routine still feel incomplete?,Inner Grow,"Inside-out beauty support may be the missing piece. Inner Grow is designed to support hair, skin, and nail wellness as part of a simple daily beauty ritual.",COMMENT GROW,for the beauty ritual,"Educational only. Not medical advice. Results may vary. These statements have not been evaluated by the Food and Drug Administration. This product is not intended to diagnose, treat, cure, or prevent any disease."
Inner Grow,Vital Vision Shop,YOU ASKED,Why do I have so many products but still feel unsupported?,Inner Grow,"Beauty wellness may start from within. Inner Grow is designed to support hair, skin, and nail wellness as part of a consistent daily self-care routine.",COMMENT GROW,for the beauty ritual,"Educational only. Not medical advice. Results may vary. These statements have not been evaluated by the Food and Drug Administration. This product is not intended to diagnose, treat, cure, or prevent any disease."
Inner Grow,Vital Vision Shop,YOU ASKED,Why does beauty from within feel so complicated?,Inner Grow,"A simple daily beauty ritual may support overall hair, skin, and nail wellness. Inner Grow is designed to support beauty wellness from within as part of your daily routine.",COMMENT GROW,for the beauty ritual,"Educational only. Not medical advice. Results may vary. These statements have not been evaluated by the Food and Drug Administration. This product is not intended to diagnose, treat, cure, or prevent any disease."
Inner Grow,Vital Vision Shop,YOU ASKED,Why do I want my beauty routine to feel more consistent?,Inner Grow,"Consistency in your daily beauty ritual may support overall hair, skin, and nail wellness. Inner Grow is designed to support a simple inside-out beauty self-care routine.",COMMENT GROW,for the beauty ritual,"Educational only. Not medical advice. Results may vary. These statements have not been evaluated by the Food and Drug Administration. This product is not intended to diagnose, treat, cure, or prevent any disease."
Inner Grow,Vital Vision Shop,YOU ASKED,Why does my skin feel like it needs more daily support?,Inner Grow,"Daily beauty wellness may benefit from an inside-out approach. Inner Grow is designed to support skin, hair, and nail wellness as part of a consistent daily self-care ritual.",COMMENT GROW,for the beauty ritual,"Educational only. Not medical advice. Results may vary. These statements have not been evaluated by the Food and Drug Administration. This product is not intended to diagnose, treat, cure, or prevent any disease."
Inner Balance,Vital Vision Shop,YOU ASKED,Why do I feel like my daily routine needs more support?,Inner Balance,A simple daily wellness foundation may support more consistent overall wellbeing. Inner Balance is designed to support everyday wellness as part of a simple self-care routine.,COMMENT BALANCE,for the daily ritual,"Educational only. Not medical advice. Results may vary. These statements have not been evaluated by the Food and Drug Administration. This product is not intended to diagnose, treat, cure, or prevent any disease."
Inner Balance,Vital Vision Shop,YOU ASKED,Why does my wellness routine feel overwhelming?,Inner Balance,Simplifying your daily routine may support more consistent wellness. Inner Balance is designed to support everyday balance and overall wellbeing without complication.,COMMENT BALANCE,for the daily ritual,"Educational only. Not medical advice. Results may vary. These statements have not been evaluated by the Food and Drug Administration. This product is not intended to diagnose, treat, cure, or prevent any disease."
Inner Balance,Vital Vision Shop,YOU ASKED,Why is it hard to know where to start with wellness?,Inner Balance,Starting with one simple daily step may support a more consistent wellness routine. Inner Balance is designed to support everyday wellbeing as a simple daily foundation.,COMMENT BALANCE,for the daily ritual,"Educational only. Not medical advice. Results may vary. These statements have not been evaluated by the Food and Drug Administration. This product is not intended to diagnose, treat, cure, or prevent any disease."
Inner Balance,Vital Vision Shop,YOU ASKED,Why do I start wellness routines and then stop?,Inner Balance,A simple one-step daily ritual may support more consistent overall wellness. Inner Balance is designed to support everyday balance as part of a routine you can actually repeat.,COMMENT BALANCE,for the daily ritual,"Educational only. Not medical advice. Results may vary. These statements have not been evaluated by the Food and Drug Administration. This product is not intended to diagnose, treat, cure, or prevent any disease."
Inner Balance,Vital Vision Shop,YOU ASKED,Why do I want self-care to feel more realistic?,Inner Balance,Realistic self-care may start with one simple daily foundation. Inner Balance is designed to support daily wellness and overall wellbeing without overthinking.,COMMENT BALANCE,for the daily ritual,"Educational only. Not medical advice. Results may vary. These statements have not been evaluated by the Food and Drug Administration. This product is not intended to diagnose, treat, cure, or prevent any disease."
